caption,image_file
earth,image (1).jpg
earth,image (1).jpeg
earth,image (2).jpg
earth,image (2).jpeg
earth,image (3).jpeg
earth,image (3).jpg
earth,image (4).jpeg
earth,image (4).jpg
earth,image (5).jpeg
earth,image (5).jpg
earth,image (6).jpeg
earth,image (6).jpg
earth,image (7).jpeg
earth,image (7).jpg
earth,image (8).jpeg
earth,image (8).jpg
earth,image (9).jpeg
earth,image (9).jpg
earth,image (10).jpeg
earth,image (10).jpg
earth,image (11).jpeg
earth,image (11).jpg
earth,image (12).jpeg
earth,image (12).jpg
earth,image (13).jpeg
earth,image (13).jpg
earth,image (14).jpeg
earth,image (14).jpg
earth,image (15).jpeg
earth,image (15).jpg
earth,image (16).jpeg
earth,image (16).jpg
earth,image (17).jpeg
earth,image (17).jpg
earth,image (18).jpeg
earth,image (18).jpg
earth,image (19).jpeg
earth,image (19).jpg
earth,image (20).jpeg
earth,image (20).jpg
earth,image (21).jpeg
earth,image (21).jpg
earth,image (22).jpeg
earth,image (22).jpg
earth,image (23).jpeg
earth,image (23).jpg
earth,image (24).jpeg
earth,image (24).jpg
earth,image (25).jpeg
earth,image (25).jpg
earth,image (26).jpeg
earth,image (26).jpg
earth,image (27).jpeg
earth,image (27).jpg
earth,image (28).jpeg
earth,image (28).jpg
earth,image (29).jpeg
earth,image (29).jpg
earth,image (30).jpeg
earth,image (30).jpg
earth,image (31).jpeg
earth,image (31).jpg
earth,image (32).jpeg
earth,image (32).jpg
earth,image (33).jpeg
earth,image (33).jpg
earth,image (34).jpeg
earth,image (34).jpg
earth,image (35).jpeg
earth,image (35).jpg
earth,image (36).jpeg
earth,image (36).jpg
earth,image (37).jpeg
earth,image (37).jpg
earth,image (38).jpeg
earth,image (38).jpg
earth,image (39).jpeg
earth,image (39).jpg
earth,image (40).jpeg
earth,image (40).jpg
earth,image (41).jpeg
earth,image (41).jpg
earth,image (42).jpeg
earth,image (42).jpg
earth,image (43).jpeg
earth,image (43).jpg
earth,image (44).jpeg
earth,image (44).jpg
earth,image (45).jpeg
earth,image (45).jpg
earth,image (46).jpeg
earth,image (46).jpg
earth,image (47).jpeg
earth,image (47).jpg
earth,image (48).jpeg
earth,image (48).jpg
earth,image (49).jpeg
earth,image (49).jpg
earth,image (50).jpeg
earth,image (50).jpg
earth,image (51).jpeg
earth,image (51).jpg
earth,image (52).jpeg
earth,image (52).jpg
earth,image (53).jpeg
earth,image (53).jpg
earth,image (54).jpeg
earth,image (54).jpg
earth,image (55).jpeg
earth,image (55).jpg
earth,image (56).jpeg
earth,image (56).jpg
earth,image (57).jpeg
earth,image (57).jpg
earth,image (58).jpeg
earth,image (58).jpg
earth,image (59).jpeg
earth,image (59).jpg
earth,image (60).jpeg
earth,image (60).jpg
earth,image (61).jpeg
earth,image (61).jpg
earth,image (62).jpeg
earth,image (62).jpg
earth,image (63).jpeg
earth,image (64).jpeg
earth,image (65).jpeg
earth,image (66).jpeg
earth,image (67).jpeg
earth,image (68).jpeg
earth,image (69).jpeg
earth,image (70).jpeg
earth,image (71).jpeg
earth,image (72).jpeg
earth,image (73).jpeg
earth,image (74).jpeg
earth,image (75).jpeg
earth,image (76).jpeg
earth,image (77).jpeg
earth,image (78).jpeg
earth,image (79).jpeg
earth,image (80).jpeg
earth,image (81).jpeg
earth,image (82).jpeg
earth,image (83).jpeg
earth,image (84).jpeg
earth,image (85).jpeg
earth,image (86).jpeg
earth,image (87).jpeg
earth,image (88).jpeg
earth,image (89).jpeg
earth,image (90).jpeg
earth,image (91).jpeg
earth,image (92).jpeg
earth,image (93).jpeg
earth,image (94).jpeg
earth,image (95).jpeg
earth,image (96).jpeg
earth,image (97).jpeg
earth,image (98).jpeg
earth,image (99).jpeg
